school,address1,city,state,zipcode,rank,Id,PageUrl
Princeton University,,Princeton,NJ,08544, 2                                                                ,1,http://colleges.usnews.rankingsandreviews.com/best-colleges/princeton-university-2627
Dartmouth College,6016 McNutt Hall,Hanover,NH,03755, 10                                                                ,11,http://colleges.usnews.rankingsandreviews.com/best-colleges/dartmouth-college-2573
Emory University,201 Dowman Drive,Atlanta,GA,30322, 20                                                                ,21,http://colleges.usnews.rankingsandreviews.com/best-colleges/emory-university-1564
Harvard University,"Undergraduate Admissions Office, 86 Brattle Street",Cambridge,MA,02138, 1                                                                ,2,http://colleges.usnews.rankingsandreviews.com/best-colleges/harvard-university-2155
Johns Hopkins University,3400 N. Charles Street,Baltimore,MD,21218, 11                                                                ,12,http://colleges.usnews.rankingsandreviews.com/best-colleges/jhu-2077
Georgetown University,37th and O Streets NW,Washington,DC,20057, 21                                  ,22,http://colleges.usnews.rankingsandreviews.com/best-colleges/georgetown-university-1445
Yale University,,New Haven,CT,06520, 2                                                                ,3,http://colleges.usnews.rankingsandreviews.com/best-colleges/yale-university-1426
Northwestern University,633 Clark Street,Evanston,IL,60208, 12                                                                ,13,http://colleges.usnews.rankingsandreviews.com/best-colleges/northwestern-1739
University of California--Los Angeles,405 Hilgard Avenue,Los Angeles,CA,90095, 21                                                                ,23,http://colleges.usnews.rankingsandreviews.com/best-colleges/ucla-1315
Columbia University,2960 Broadway,New York,NY,10027, 3                                                                ,4,http://colleges.usnews.rankingsandreviews.com/best-colleges/columbia-university-2707
Washington University in St. Louis,"Campus Box 1089, 1 Brookings Drive",St. Louis,MO,63130-4899, 13                                                                ,14,http://colleges.usnews.rankingsandreviews.com/best-colleges/washington-university-st-louis-2520
University of Virginia,,Charlottesville,VA,22904, 23                                  ,24,http://colleges.usnews.rankingsandreviews.com/best-colleges/uva-6968
Stanford University,,Stanford,CA,94305, 4                                  ,5,http://colleges.usnews.rankingsandreviews.com/best-colleges/stanford-1305
Cornell University,,Ithaca,NY,14853, 14                                                                ,15,http://colleges.usnews.rankingsandreviews.com/best-colleges/cornell-university-2711
Carnegie Mellon University,5000 Forbes Avenue,Pittsburgh,PA,15213, 23                                                                ,25,http://colleges.usnews.rankingsandreviews.com/best-colleges/carnegie-mellon-university-3242
University of Chicago,5801 S. Ellis Avenue,Chicago,IL,60637, 4                                  ,6,http://colleges.usnews.rankingsandreviews.com/best-colleges/university-of-chicago-1774
Brown University,Box 1920,Providence,RI,02912, 15                                                                ,16,http://colleges.usnews.rankingsandreviews.com/best-colleges/brown-university-3401
University of Southern California,University Park,Los Angeles,CA,90089, 25                                  ,26,http://colleges.usnews.rankingsandreviews.com/best-colleges/usc-1328
Massachusetts Institute of Technology,77 Massachusetts Avenue,Cambridge,MA,02139, 4                                                                ,7,http://colleges.usnews.rankingsandreviews.com/best-colleges/mit-2178
University of Notre Dame,,Notre Dame,IN,46556, 16                                  ,17,http://colleges.usnews.rankingsandreviews.com/best-colleges/notre-dame-1840
Tufts University,,Medford,MA,02155, 25                                                                ,27,http://colleges.usnews.rankingsandreviews.com/best-colleges/tufts-university-2219
Duke University,"2138 Campus Drive, Box 90586",Durham,NC,27708, 7                                                                ,8,http://colleges.usnews.rankingsandreviews.com/best-colleges/duke-university-2920
Vanderbilt University,,Nashville,TN,37240, 16                                  ,18,http://colleges.usnews.rankingsandreviews.com/best-colleges/vanderbilt-3535
Wake Forest University,"Box 7305, Reynolda Station",Winston-Salem,NC,27109, 27                                  ,28,http://colleges.usnews.rankingsandreviews.com/best-colleges/wake-forest-2978
University of Pennsylvania,"1 College Hall, Room 100",Philadelphia,PA,19104, 8                                  ,9,http://colleges.usnews.rankingsandreviews.com/best-colleges/university-of-pennsylvania-3378
Rice University,PO Box 1892,Houston,TX,77251-1892, 16                                                                ,19,http://colleges.usnews.rankingsandreviews.com/best-colleges/rice-3604
University of Michigan--Ann Arbor,500 S. State St. ,Ann Arbor,MI,48109, 27                                                                ,29,http://colleges.usnews.rankingsandreviews.com/best-colleges/university-of-michigan-9092
University of California--Berkeley,110 Sproul Hall,Berkeley,CA,94720-5800, 19                                                                ,20,http://colleges.usnews.rankingsandreviews.com/best-colleges/uc-berkeley-1312
California Institute of Technology,1200 E. California Boulevard,Pasadena,CA,91125, 8                                                                ,10,http://colleges.usnews.rankingsandreviews.com/best-colleges/cal-tech-1131
University of North Carolina--Chapel Hill,"South Building, CB #9100",Chapel Hill,NC,27599, 29                                                                ,30,http://colleges.usnews.rankingsandreviews.com/best-colleges/unc-2974
Capella University,"225 S. Sixth Street, Ninth Floor",Minneapolis,MN,55403,Unranked                                                                ,31,http://colleges.usnews.rankingsandreviews.com/best-colleges/capella-university-32673
New York University,70 Washington Square S,New York,NY,10012, 31                                                                ,41,http://colleges.usnews.rankingsandreviews.com/best-colleges/nyu-2785
Colorado Technical University,4435 N. Chestnut Street,Colorado Springs,CO,80907-3896,Unranked                                                                ,32,http://colleges.usnews.rankingsandreviews.com/best-colleges/colorado-technical-university-10148
College of William and Mary,PO Box 8795,Williamsburg,VA,23187-8795, 32                                                                ,42,http://colleges.usnews.rankingsandreviews.com/best-colleges/william-and-mary-3705
Idaho State University,921 S. Eigth Avenue,Pocatello,ID,83209,Unranked                                                                ,33,http://colleges.usnews.rankingsandreviews.com/best-colleges/idaho-state-1620
University of Rochester,Wilson Boulevard,Rochester,NY,14627, 33                                  ,43,http://colleges.usnews.rankingsandreviews.com/best-colleges/university-of-rochester-2894
Northcentral University,10000 E. University Drive,Prescott Valley,AZ,86314,Unranked                                                                ,34,http://colleges.usnews.rankingsandreviews.com/best-colleges/northcentral-university-666122
Brandeis University,415 South Street,Waltham,MA,02454-9110, 33                                                                ,44,http://colleges.usnews.rankingsandreviews.com/best-colleges/brandeis-university-2133
Trident University International,5757 Plaza Dr. Suite 100,Cypress,CA,90630,Unranked                                                                ,35,http://colleges.usnews.rankingsandreviews.com/best-colleges/trident-university-international-41279
Georgia Institute of Technology,225 North Avenue NW,Atlanta,GA,30332, 35                                  ,45,http://colleges.usnews.rankingsandreviews.com/best-colleges/georgia-tech-1569
Union Institute and University,440 E. McMillan Street,Cincinnati,OH,45206,Unranked                                                                ,36,http://colleges.usnews.rankingsandreviews.com/best-colleges/union-institute-10923
University of California--San Diego,9500 Gilman Drive,La Jolla,CA,92093, 35                                                                ,46,http://colleges.usnews.rankingsandreviews.com/best-colleges/ucsd-1317
University of Phoenix,3157 E. Elwood Street,Phoenix,AZ,85034,Unranked                                                                ,37,http://colleges.usnews.rankingsandreviews.com/best-colleges/university-of-phoenix-209885
Case Western Reserve University,10900 Euclid Avenue,Cleveland,OH,44106, 37                                                                ,47,http://colleges.usnews.rankingsandreviews.com/best-colleges/case-western-reserve-university-3024
Walden University,100 Washington Avenue South,Minneapolis,MN,55401,Unranked                                                                ,38,http://colleges.usnews.rankingsandreviews.com/best-colleges/walden-university-25042
University of California--Davis,1 Shields Avenue,Davis,CA,95616, 38                                  ,48,http://colleges.usnews.rankingsandreviews.com/best-colleges/uc-davis-1313
Wilmington University,320 Dupont Highway,New Castle,DE,19720,Unranked                                                                ,39,http://colleges.usnews.rankingsandreviews.com/best-colleges/wilmington-university-7948
Lehigh University,27 Memorial Drive W,Bethlehem,PA,18015, 38                                                                ,49,http://colleges.usnews.rankingsandreviews.com/best-colleges/lehigh-university-3289
Boston College,140 Commonwealth Avenue,Chestnut Hill,MA,02467, 30                                                                ,40,http://colleges.usnews.rankingsandreviews.com/best-colleges/boston-college-2128
University of California--Santa Barbara,,Santa Barbara,CA,93106, 40                                  ,50,http://colleges.usnews.rankingsandreviews.com/best-colleges/ucsb-1320
Boston University,1 Silber Way,Boston,MA,02215, 40                                                                ,51,http://colleges.usnews.rankingsandreviews.com/best-colleges/boston-university-2130
Yeshiva University,500 W. 185th Street,New York,NY,10033, 48                                  ,61,http://colleges.usnews.rankingsandreviews.com/best-colleges/yeshiva-university-2903
Brigham Young University--Provo,A-209 ASB,Provo,UT,84602, 58                                                                ,71,http://colleges.usnews.rankingsandreviews.com/best-colleges/byu-3670
Northeastern University,360 Huntington Avenue,Boston,MA,02115, 42                                  ,52,http://colleges.usnews.rankingsandreviews.com/best-colleges/northeastern-university-2199
University of Texas--Austin,,Austin,TX,78712-1111, 48                                                                ,62,http://colleges.usnews.rankingsandreviews.com/best-colleges/university-of-texas-3658
Clemson University,105 Sikes Hall,Clemson,SC,29634, 62                                  ,72,http://colleges.usnews.rankingsandreviews.com/best-colleges/clemson-university-3425
Rensselaer Polytechnic Institute,110 Eighth Street,Troy,NY,12180-3590, 42                                  ,53,http://colleges.usnews.rankingsandreviews.com/best-colleges/rpi-2803
George Washington University,2121 I Street NW,Washington,DC,20052, 53                                                                ,63,http://colleges.usnews.rankingsandreviews.com/best-colleges/gwu-1444
Purdue University--West Lafayette,"Schleman Hall, 475 Stadium Mall Drive",West Lafayette,IN,47907-2050, 62                                  ,73,http://colleges.usnews.rankingsandreviews.com/best-colleges/purdue-1825
University of California--Irvine,,Irvine,CA,92697, 42                                  ,54,http://colleges.usnews.rankingsandreviews.com/best-colleges/uc-irvine-1314
Ohio State University--Columbus,154 W. 12th Avenue,Columbus,OH,43210, 54                                  ,64,http://colleges.usnews.rankingsandreviews.com/best-colleges/ohio-state-6883
University of Georgia,Administration Building,Athens,GA,30602, 62                                  ,74,http://colleges.usnews.rankingsandreviews.com/best-colleges/university-of-georgia-1598
University of Illinois--Urbana-Champaign,601 E. John Street,Champaign,IL,61820-5711, 42                                  ,55,http://colleges.usnews.rankingsandreviews.com/best-colleges/uiuc-1775
Pepperdine University,24255 Pacific Coast Highway,Malibu,CA,90263, 54                                  ,65,http://colleges.usnews.rankingsandreviews.com/best-colleges/pepperdine-university-1264
University of Maryland--College Park,,College Park,MD,20742-5025, 62                                  ,75,http://colleges.usnews.rankingsandreviews.com/best-colleges/university-of-maryland-2103
University of Wisconsin--Madison,500 Lincoln Drive,Madison,WI,53706, 42                                                                ,56,http://colleges.usnews.rankingsandreviews.com/best-colleges/university-of-wisconsin-3895
Tulane University,"6823 St. Charles Avenue, 218 Gibson Hall",New Orleans,LA,70118, 54                                  ,66,http://colleges.usnews.rankingsandreviews.com/best-colleges/tulane-university-2029
University of Pittsburgh,4200 Fifth Avenue,Pittsburgh,PA,15260, 62                                  ,76,http://colleges.usnews.rankingsandreviews.com/best-colleges/university-of-pittsburgh-3379
Pennsylvania State University--University Park,201 Old Main,University Park,PA,16802, 47                                                                ,57,http://colleges.usnews.rankingsandreviews.com/best-colleges/penn-state-6965
Fordham University,113 W. 60th Street,New York,NY,10023, 54                                                                ,67,http://colleges.usnews.rankingsandreviews.com/best-colleges/fordham-university-2722
Texas A&amp;M University--College Station,,College Station,TX,77843, 62                                                                ,77,http://colleges.usnews.rankingsandreviews.com/best-colleges/texas-am-college-station-10366
University of Florida,201 Criser Hall,Gainesville,FL,32611, 48                                  ,58,http://colleges.usnews.rankingsandreviews.com/best-colleges/university-of-florida-1535
Southern Methodist University,PO Box 750181,Dallas,TX,75275-0181, 58                                  ,68,http://colleges.usnews.rankingsandreviews.com/best-colleges/smu-3613
Worcester Polytechnic Institute,100 Institute Road,Worcester,MA,01609, 68                                  ,78,http://colleges.usnews.rankingsandreviews.com/best-colleges/wpi-2233
University of Miami,PO Box 248025,Coral Gables,FL,33124, 48                                  ,59,http://colleges.usnews.rankingsandreviews.com/best-colleges/university-of-miami-1536
Syracuse University,,Syracuse,NY,13244, 58                                  ,69,http://colleges.usnews.rankingsandreviews.com/best-colleges/syracuse-university-2882
"Rutgers, The State University of New Jersey--New Brunswick","65 Davidson Road, Room 202",Piscataway,NJ,08854-8097, 68                                                                ,79,http://colleges.usnews.rankingsandreviews.com/best-colleges/rutgers-6964
University of Washington,,Seattle,WA,98195, 48                                  ,60,http://colleges.usnews.rankingsandreviews.com/best-colleges/university-of-washington-3798
University of Connecticut,"2131 Hillside Road, Unit 3088",Storrs,CT,06269-3088, 58                                  ,70,http://colleges.usnews.rankingsandreviews.com/best-colleges/uconn-29013
American University,4400 Massachusetts Avenue NW,Washington,DC,20016, 70                                                                ,80,http://colleges.usnews.rankingsandreviews.com/best-colleges/american-university-1434
Baylor University,1 Bear Place,Waco,TX,76798, 71                                  ,81,http://colleges.usnews.rankingsandreviews.com/best-colleges/baylor-university-6967
Texas Christian University,2800 S. University Drive,Fort Worth,TX,76129, 76                                  ,91,http://colleges.usnews.rankingsandreviews.com/best-colleges/tcu-3636
University of Iowa,107 Calvin Hall,Iowa City,IA,52242-1396, 71                                  ,82,http://colleges.usnews.rankingsandreviews.com/best-colleges/university-of-iowa-1892
University of Delaware,,Newark,DE,19716, 76                                  ,92,http://colleges.usnews.rankingsandreviews.com/best-colleges/university-of-delaware-1431
University of Minnesota--Twin Cities,100 Church Street SE,Minneapolis,MN,55455-0213, 71                                  ,83,http://colleges.usnews.rankingsandreviews.com/best-colleges/university-of-minnesota-3969
University of Massachusetts--Amherst,"University Admissions Center, 37 Mather Drive",Amherst,MA,01003-9313, 76                                  ,93,http://colleges.usnews.rankingsandreviews.com/best-colleges/umass-amherst-2221
Virginia Tech,,Blacksburg,VA,24061, 71                                  ,84,http://colleges.usnews.rankingsandreviews.com/best-colleges/virginia-tech-3754
Michigan State University,,East Lansing,MI,48824, 76                                                                ,94,http://colleges.usnews.rankingsandreviews.com/best-colleges/michigan-state-2290
Clark University,950 Main Street,Worcester,MA,01610-1477, 71                                                                ,85,http://colleges.usnews.rankingsandreviews.com/best-colleges/clark-university-massachusetts-2139
University of California--Santa Cruz,1156 High Street,Santa Cruz,CA,95064, 85                                  ,95,http://colleges.usnews.rankingsandreviews.com/best-colleges/ucsc-1321
Indiana University--Bloomington,107 S. Indiana Avenue,Bloomington,IN,47405-7000, 76                                  ,86,http://colleges.usnews.rankingsandreviews.com/best-colleges/indiana-university-1809
University of Vermont,194 S. Prospect Street,Burlington,VT,05405-0160, 85                                  ,96,http://colleges.usnews.rankingsandreviews.com/best-colleges/university-of-vermont-3696
Marquette University,PO Box 1881,Milwaukee,WI,53201-1881, 76                                  ,87,http://colleges.usnews.rankingsandreviews.com/best-colleges/marquette-university-3863
Binghamton University--SUNY,PO Box 6000,Binghamton,NY,13902-6000, 85                                                                ,97,http://colleges.usnews.rankingsandreviews.com/best-colleges/suny-binghamton-2836
Miami University--Oxford,501 E. High Street,Oxford,OH,45056, 76                                  ,88,http://colleges.usnews.rankingsandreviews.com/best-colleges/miami-university-7104
Colorado School of Mines,1500 Illinois Street,Golden,CO,80401, 88                                  ,98,http://colleges.usnews.rankingsandreviews.com/best-colleges/colorado-school-of-mines-1348
Stevens Institute of Technology,Castle Point on Hudson,Hoboken,NJ,07030, 76                                  ,89,http://colleges.usnews.rankingsandreviews.com/best-colleges/stevens-institute-of-technology-2639
Stony Brook University--SUNY,Administration Building,Stony Brook,NY,11794, 88                                  ,99,http://colleges.usnews.rankingsandreviews.com/best-colleges/stony-brook--suny-2838
SUNY College of Environmental Science and Forestry,1 Forestry Drive,Syracuse,NY,13210, 76                                  ,90,http://colleges.usnews.rankingsandreviews.com/best-colleges/suny-environmental-science-and-forestry-2851
University of Alabama,Box 870100,Tuscaloosa,AL,35487-0100, 88                                  ,100,http://colleges.usnews.rankingsandreviews.com/best-colleges/university-of-alabama-1051
University of Colorado--Boulder,"Regent Administration Center, Room 125, 552 UCB",Boulder,CO,80309-0552, 88                                  ,101,http://colleges.usnews.rankingsandreviews.com/best-colleges/cu-boulder-1370
University of New Hampshire,105 Main Street,Durham,NH,03824, 99                                  ,111,http://colleges.usnews.rankingsandreviews.com/best-colleges/university-of-new-hampshire-2589
University of Tennessee,527 Andy Holt Tower,Knoxville,TN,37996, 106                                  ,121,http://colleges.usnews.rankingsandreviews.com/best-colleges/university-of-tennessee-3530
University of Denver,2199 S. University Boulevard,Denver,CO,80208, 88                                  ,102,http://colleges.usnews.rankingsandreviews.com/best-colleges/university-denver-1371
Auburn University,202 Martin Hall,Auburn,AL,36849, 99                                                                ,112,http://colleges.usnews.rankingsandreviews.com/best-colleges/auburn-university-1009
University of California--Riverside,900 University Avenue,Riverside,CA,92521, 106                                                                ,122,http://colleges.usnews.rankingsandreviews.com/best-colleges/ucr-1316
University of Tulsa,800 S. Tucker Drive,Tulsa,OK,74104, 88                                  ,103,http://colleges.usnews.rankingsandreviews.com/best-colleges/university-of-tulsa-3185
University at Buffalo--SUNY,3435 Main Street,Buffalo,NY,14214, 103                                  ,113,http://colleges.usnews.rankingsandreviews.com/best-colleges/ub-9554
University of South Carolina,,Columbia,SC,29208, 113                                  ,123,http://colleges.usnews.rankingsandreviews.com/best-colleges/university-of-south-carolina-3448
Drexel University,3141 Chestnut Street,Philadelphia,PA,19104-2875, 88                                                                ,104,http://colleges.usnews.rankingsandreviews.com/best-colleges/drexel-university-3256
University of Dayton,300 College Park,Dayton,OH,45469, 103                                  ,114,http://colleges.usnews.rankingsandreviews.com/best-colleges/university-of-dayton-3127
University of St. Thomas,2115 Summit Avenue,St. Paul,MN,55105-1096, 113                                  ,124,http://colleges.usnews.rankingsandreviews.com/best-colleges/university-of-st-thomas-minnesota-2345
Florida State University,,Tallahassee,FL,32306, 95                                  ,105,http://colleges.usnews.rankingsandreviews.com/best-colleges/fsu-1489
Iowa State University,100 Enrollment Services Center,Ames,IA,50011, 103                                                                ,115,http://colleges.usnews.rankingsandreviews.com/best-colleges/iowa-state-university-1869
The Catholic University of America,620 Michigan Avenue NE,Washington,DC,20064, 116                                  ,125,http://colleges.usnews.rankingsandreviews.com/best-colleges/catholic-university-1437
North Carolina State University--Raleigh,Box 7001,Raleigh,NC,27695, 95                                  ,106,http://colleges.usnews.rankingsandreviews.com/best-colleges/north-carolina-state-raleigh-2972
Loyola University Chicago,1032 W. Sheridan Road,Chicago,IL,60660, 106                                  ,116,http://colleges.usnews.rankingsandreviews.com/best-colleges/loyola-chicago-1710
Duquesne University,600 Forbes Avenue,Pittsburgh,PA,15282, 113                                                                ,126,http://colleges.usnews.rankingsandreviews.com/best-colleges/duquesne-university-3258
University of San Diego,5998 Alcala Park,San Diego,CA,92110-2492, 95                                  ,107,http://colleges.usnews.rankingsandreviews.com/best-colleges/university-of-san-diego-10395
University of Kansas,1502 Iowa Street,Lawrence,KS,66045-7576, 106                                  ,117,http://colleges.usnews.rankingsandreviews.com/best-colleges/ku-1948
Illinois Institute of Technology,3300 S. Federal Street,Chicago,IL,60616-3793, 116                                  ,127,http://colleges.usnews.rankingsandreviews.com/best-colleges/iit-1691
Saint Louis University,One North Grand Boulevard,St. Louis,MO,63103, 95                                                                ,108,http://colleges.usnews.rankingsandreviews.com/best-colleges/st-louis-university-2506
University of Oklahoma,660 Parrington Oval,Norman,OK,73019-0390, 106                                  ,118,http://colleges.usnews.rankingsandreviews.com/best-colleges/university-of-oklahoma-3184
Michigan Technological University,1400 Townsend Drive,Houghton,MI,49931, 116                                  ,128,http://colleges.usnews.rankingsandreviews.com/best-colleges/michigan-tech-2292
University of Missouri,105 Jesse Hall,Columbia,MO,65211, 99                                  ,109,http://colleges.usnews.rankingsandreviews.com/best-colleges/university-of-missouri-2516
University of Oregon,1226 University of Oregon,Eugene,OR,97403-1226, 106                                  ,119,http://colleges.usnews.rankingsandreviews.com/best-colleges/university-of-oregon-3223
University of the Pacific,3601 Pacific Avenue,Stockton,CA,95211, 116                                  ,129,http://colleges.usnews.rankingsandreviews.com/best-colleges/university-of-the-pacific-1329
University of Nebraska--Lincoln,14th and R Streets,Lincoln,NE,68588, 99                                  ,110,http://colleges.usnews.rankingsandreviews.com/best-colleges/university-of-nebraska-2565
University of San Francisco,2130 Fulton St.,San Francisco,CA,94117-1080, 106                                  ,120,http://colleges.usnews.rankingsandreviews.com/best-colleges/university-san-francisco-1325
Clarkson University,8 Clarkson Avenue,Potsdam,NY,13699, 116                                                                ,130,http://colleges.usnews.rankingsandreviews.com/best-colleges/clarkson-university-2699
Colorado State University,1062 Campus Delivery,Fort Collins,CO,80523, 121                                  ,131,http://colleges.usnews.rankingsandreviews.com/best-colleges/colorado-state-university-1350
DePaul University,1 E. Jackson Boulevard,Chicago,IL,60604-2287, 121                                  ,132,http://colleges.usnews.rankingsandreviews.com/best-colleges/depaul-university-1671
University of Cincinnati,PO Box 210063,Cincinnati,OH,45221-0063, 129                                  ,141,http://colleges.usnews.rankingsandreviews.com/best-colleges/university-of-cincinnati-3125
Temple University,1801 N. Broad Street,Philadelphia,PA,19122-6096, 121                                  ,133,http://colleges.usnews.rankingsandreviews.com/best-colleges/temple-university-3371
University of Kentucky,101 Main Building,Lexington,KY,40506, 129                                  ,142,http://colleges.usnews.rankingsandreviews.com/best-colleges/university-of-kentucky-1989
University of Arizona,PO Box 210066,Tucson,AZ,85721-0066, 121                                  ,134,http://colleges.usnews.rankingsandreviews.com/best-colleges/university-of-arizona-1083
University of Utah,201 S. Presidents Circle,Salt Lake City,UT,84112, 129                                  ,143,http://colleges.usnews.rankingsandreviews.com/best-colleges/university-of-utah-3675
"Rutgers, The State University of New Jersey--Newark",249 University Avenue,Newark,NJ,07102-1896, 121                                                                ,135,http://colleges.usnews.rankingsandreviews.com/best-colleges/rutgers-newark-2631
Hofstra University,100 Hofstra University,Hempstead,NY,11549, 129                                                                ,144,http://colleges.usnews.rankingsandreviews.com/best-colleges/hofstra-university-2732
Seton Hall University,400 S. Orange Avenue,South Orange,NJ,07079, 126                                  ,136,http://colleges.usnews.rankingsandreviews.com/best-colleges/seton-hall-university-new-jersey-2632
New School,66 W. 12th Street,New York,NY,10011, 135                                  ,145,http://colleges.usnews.rankingsandreviews.com/best-colleges/new-school-20662
University at Albany--SUNY,1400 Washington Avenue,Albany,NY,12222, 126                                  ,137,http://colleges.usnews.rankingsandreviews.com/best-colleges/suny-albany-2835
University of Arkansas,232 Silas Hunt Hall,Fayetteville,AR,72701, 135                                  ,146,http://colleges.usnews.rankingsandreviews.com/best-colleges/university-of-arkansas-1108
Arizona State University--Tempe,PO Box 870112,Tempe,AZ,85287, 126                                                                ,138,http://colleges.usnews.rankingsandreviews.com/best-colleges/asu-1081
George Mason University,4400 University Drive,Fairfax,VA,22030, 135                                                                ,147,http://colleges.usnews.rankingsandreviews.com/best-colleges/gmu-3749
Louisiana State University--Baton Rouge,156 Thomas Boyd Hall,Baton Rouge,LA,70803, 129                                  ,139,http://colleges.usnews.rankingsandreviews.com/best-colleges/lsu-baton-rouge-2010
Missouri University of Science &amp; Technology,"106 Parker Hall, 300 W. 13th Street",Rolla,MO,65409-0910, 138                                  ,148,http://colleges.usnews.rankingsandreviews.com/best-colleges/missouri-university-science-2517
Ohio University,1 Ohio University,Athens,OH,45701, 129                                  ,140,http://colleges.usnews.rankingsandreviews.com/best-colleges/ohio-university-3100
Oregon State University,104 Kerr Administration Building,Corvallis,OR,97331, 138                                  ,149,http://colleges.usnews.rankingsandreviews.com/best-colleges/oregon-state-3210
Washington State University,P.O Box 645910,Pullman,WA,99164, 138                                  ,150,http://colleges.usnews.rankingsandreviews.com/best-colleges/washington-state-3800
Illinois State University,Campus Box 2200,Normal,IL,61790-2200, 138                                                                ,151,http://colleges.usnews.rankingsandreviews.com/best-colleges/illinois-state-university-1692
University of Alabama--Birmingham,1720 2nd Ave S.,Birmingham,AL,35294, 149                                  ,161,http://colleges.usnews.rankingsandreviews.com/best-colleges/uab-1052
University of Louisville,2301 S. Third Street,Louisville,KY,40292, 161                                  ,171,http://colleges.usnews.rankingsandreviews.com/best-colleges/university-of-louisville-1999
Kansas State University,Anderson Hall,Manhattan,KS,66506, 142                                  ,152,http://colleges.usnews.rankingsandreviews.com/best-colleges/ksu-1928
University of Illinois--Chicago,601 S. Morgan M/C 102,Chicago,IL,60607, 149                                  ,162,http://colleges.usnews.rankingsandreviews.com/best-colleges/uic-1776
University of Rhode Island,,Kingston,RI,02881-0806, 161                                  ,172,http://colleges.usnews.rankingsandreviews.com/best-colleges/university-of-rhode-island-3414
St. John Fisher College,3690 East Avenue,Rochester,NY,14618, 142                                  ,153,http://colleges.usnews.rankingsandreviews.com/best-colleges/st-john-fisher-college-2821
University of Maryland--Baltimore County,1000 Hilltop Circle,Baltimore,MD,21250, 149                                  ,163,http://colleges.usnews.rankingsandreviews.com/best-colleges/umbc-2105
University of South Florida,4202 E. Fowler Avenue,Tampa,FL,33620-9951, 161                                  ,173,http://colleges.usnews.rankingsandreviews.com/best-colleges/usf-1537
Howard University,2400 Sixth Street NW,Washington,DC,20059, 142                                                                ,154,http://colleges.usnews.rankingsandreviews.com/best-colleges/howard-university-1448
University of Mississippi,PO Box 1848,University,MS,38677-1848, 149                                  ,164,http://colleges.usnews.rankingsandreviews.com/best-colleges/university-of-mississippi-2440
University of Wyoming,1000 E. University Avenue,Laramie,WY,82071, 161                                  ,174,http://colleges.usnews.rankingsandreviews.com/best-colleges/university-of-wyoming-3932
Oklahoma State University,101 Whitehurst Hall,Stillwater,OK,74078, 145                                  ,155,http://colleges.usnews.rankingsandreviews.com/best-colleges/oklahoma-state-3170
Maryville University of St. Louis,650 Maryville University Drive,St Louis,MO,63141-7299, 149                                                                ,165,http://colleges.usnews.rankingsandreviews.com/best-colleges/maryville-saint-louis-2482
University of Idaho,875 Perimeter Drive MS 2282,Moscow,ID,83844-2282, 161                                                                ,175,http://colleges.usnews.rankingsandreviews.com/best-colleges/university-of-idaho-1626
St. John's University,8000 Utopia Parkway,Queens,NY,11439, 145                                  ,156,http://colleges.usnews.rankingsandreviews.com/best-colleges/st-johns-university-new-york-2823
Mississippi State University,PO Box 6018,Mississippi State,MS,39762, 156                                  ,166,http://colleges.usnews.rankingsandreviews.com/best-colleges/mississippi-state-2423
University of La Verne,1950 Third Street,La Verne,CA,91750, 166                                  ,176,http://colleges.usnews.rankingsandreviews.com/best-colleges/la-verne-1216
University of Texas--Dallas,800 W. Campbell Road,Richardson,TX,75080-3021, 145                                  ,157,http://colleges.usnews.rankingsandreviews.com/best-colleges/university-of-texas-dallas-9741
Texas Tech University,Box 45005,Lubbock,TX,79409, 156                                  ,167,http://colleges.usnews.rankingsandreviews.com/best-colleges/texas-tech-university-3644
Andrews University,,Berrien Springs,MI,49104, 166                                                                ,177,http://colleges.usnews.rankingsandreviews.com/best-colleges/andrews-university-2238
Adelphi University,1 South Avenue,Garden City,NY,11530, 145                                                                ,158,http://colleges.usnews.rankingsandreviews.com/best-colleges/adelphi-university-2666
University of Massachusetts--Lowell,1 University Avenue,Lowell,MA,01854, 156                                  ,168,http://colleges.usnews.rankingsandreviews.com/best-colleges/umass-lowell-2161
University of Hawaii--Manoa,2500 Campus Road,Honolulu,HI,96822, 168                                  ,178,http://colleges.usnews.rankingsandreviews.com/best-colleges/university-of-hawaii-1610
New Jersey Institute of Technology,University Heights,Newark,NJ,07102-1982, 149                                  ,159,http://colleges.usnews.rankingsandreviews.com/best-colleges/njit-2621
Virginia Commonwealth University,Box 842527,Richmond,VA,23284, 156                                  ,169,http://colleges.usnews.rankingsandreviews.com/best-colleges/vcu-3735
University of North Dakota,Gorecki Center 3501 University Avenue Stop 8357,Grand Forks,ND,58202, 168                                  ,179,http://colleges.usnews.rankingsandreviews.com/best-colleges/university-of-north-dakota-3005
San Diego State University,5500 Campanile Drive,San Diego,CA,92182-7455, 149                                  ,160,http://colleges.usnews.rankingsandreviews.com/best-colleges/sdsu-1151
Biola University,13800 Biola Avenue,La Mirada,CA,90639-0001, 156                                                                ,170,http://colleges.usnews.rankingsandreviews.com/best-colleges/biola-university-1122
University of South Dakota,414 E. Clark Street,Vermillion,SD,57069, 168                                  ,180,http://colleges.usnews.rankingsandreviews.com/best-colleges/university-of-south-dakota-10300
West Virginia University,PO Box 6201,Morgantown,WV,26506-6201, 168                                  ,181,http://colleges.usnews.rankingsandreviews.com/best-colleges/wvu-3827
Azusa Pacific University,901 E. Alosta Avenue,Azusa,CA,91702, 168                                                                ,182,http://colleges.usnews.rankingsandreviews.com/best-colleges/azusa-pacific-1117
Immaculata University,1145 King Road,Immaculata,PA,19345-0702, 181                                  ,191,http://colleges.usnews.rankingsandreviews.com/best-colleges/immaculata-university-3276
Ball State University,2000 University Avenue,Muncie,IN,47306, 173                                  ,183,http://colleges.usnews.rankingsandreviews.com/best-colleges/ball-state-1786
North Dakota State University,PO Box 6050,Fargo,ND,58108-6050, 181                                  ,192,http://colleges.usnews.rankingsandreviews.com/best-colleges/north-dakota-state-9265
Bowling Green State University,110 McFall Center,Bowling Green,OH,43403, 173                                  ,184,http://colleges.usnews.rankingsandreviews.com/best-colleges/bowling-green-state-university-3018
South Dakota State University,Box 2201,Brookings,SD,57007, 181                                  ,193,http://colleges.usnews.rankingsandreviews.com/best-colleges/south-dakota-state-3471
Florida Institute of Technology,150 W. University Boulevard,Melbourne,FL,32901-6975, 173                                  ,185,http://colleges.usnews.rankingsandreviews.com/best-colleges/florida-tech-1469
Spalding University,845 S. Third Street,Louisville,KY,40203-2188, 181                                  ,194,http://colleges.usnews.rankingsandreviews.com/best-colleges/spalding-university-1960
Pace University,1 Pace Plaza,New York,NY,10038, 173                                  ,186,http://colleges.usnews.rankingsandreviews.com/best-colleges/pace-university-2791
St. Mary's University of Minnesota,700 Terrace Heights,Winona,MN,55987-1399, 181                                  ,195,http://colleges.usnews.rankingsandreviews.com/best-colleges/st-marys-university-minnesota-2380
University of Central Florida,4000 Central Florida Boulevard,Orlando,FL,32816, 173                                  ,187,http://colleges.usnews.rankingsandreviews.com/best-colleges/ucf-3954
University of Alabama--Huntsville,301 Sparkman Drive,Huntsville,AL,35899, 181                                  ,196,http://colleges.usnews.rankingsandreviews.com/best-colleges/uah-1055
University of Maine,168 College Avenue,Orono,ME,04469, 173                                  ,188,http://colleges.usnews.rankingsandreviews.com/best-colleges/university-of-maine-2053
University of North Carolina--Greensboro,PO Box 26170,Greensboro,NC,27402, 181                                  ,197,http://colleges.usnews.rankingsandreviews.com/best-colleges/unc-greensboro-2976
Western Michigan University,1903 W. Michigan Avenue,Kalamazoo,MI,49008, 173                                  ,189,http://colleges.usnews.rankingsandreviews.com/best-colleges/western-michigan-university-2330
Southern Illinois University--Carbondale,"Undergraduate Admissions, 1263 Lincoln Drive",Carbondale,IL,62901, 181                                                                ,198,http://colleges.usnews.rankingsandreviews.com/best-colleges/southern-illinois-carbondale-1758
Edgewood College,1000 Edgewood College Drive,Madison,WI,53711-1997, 173                                                                ,190,http://colleges.usnews.rankingsandreviews.com/best-colleges/edgewood-college-3848
University of Houston,4800 Calhoun Road,Houston,TX,77204, 189                                  ,199,http://colleges.usnews.rankingsandreviews.com/best-colleges/university-of-houston-3652
University of Missouri--Kansas City,5100 Rockhill Road,Kansas City,MO,64110, 189                                  ,200,http://colleges.usnews.rankingsandreviews.com/best-colleges/umkc-2518
University of New Mexico,1 University of New Mexico,Albuquerque,NM,87131-0001, 189                                  ,201,http://colleges.usnews.rankingsandreviews.com/best-colleges/university-of-new-mexico-10313
University of North Carolina--Charlotte,9201 University City Boulevard,Charlotte,NC,28223-0001, 201                                  ,211,http://colleges.usnews.rankingsandreviews.com/best-colleges/unc-charlotte-2975
Florida A&amp;M University,"Lee Hall, Suite 400",Tallahassee,FL,32307,RNP                                                                ,221,http://colleges.usnews.rankingsandreviews.com/best-colleges/famu-1480
Widener University,1 University Place,Chester,PA,19013, 189                                  ,202,http://colleges.usnews.rankingsandreviews.com/best-colleges/widener-university-3313
Ashland University,401 College Avenue,Ashland,OH,44805, 201                                                                ,212,http://colleges.usnews.rankingsandreviews.com/best-colleges/ashland-university-3012
Florida Atlantic University,777 Glades Road,Boca Raton,FL,33431,RNP                                                                ,222,http://colleges.usnews.rankingsandreviews.com/best-colleges/fau-1481
Central Michigan University,Warriner Hall,Mount Pleasant,MI,48859, 189                                                                ,203,http://colleges.usnews.rankingsandreviews.com/best-colleges/central-michigan-university-2243
Barry University,11300 N.E. Second Avenue,Miami Shores,FL,33161-6695,RNP                                                                ,213,http://colleges.usnews.rankingsandreviews.com/best-colleges/barry-university-1466
Florida International University,University Park,Miami,FL,33199,RNP                                                                ,223,http://colleges.usnews.rankingsandreviews.com/best-colleges/fiu-9635
Indiana University-Purdue University--Indianapolis,425 N. University Boulevard,Indianapolis,IN,46202-5143, 194                                  ,204,http://colleges.usnews.rankingsandreviews.com/best-colleges/iupui-1813
Benedictine University,5700 College Road,Lisle,IL,60532,RNP                                                                ,214,http://colleges.usnews.rankingsandreviews.com/best-colleges/benedictine-university-1767
Georgia Southern University,PO Box 8033,Statesboro,GA,30460,RNP                                                                ,224,http://colleges.usnews.rankingsandreviews.com/best-colleges/georgia-southern-1572
Kent State University,PO Box 5190,Kent,OH,44242-0001, 194                                  ,205,http://colleges.usnews.rankingsandreviews.com/best-colleges/kent-state-university-3051
Bowie State University,14000 Jericho Park Road,Bowie,MD,20715-9465,RNP                                                                ,215,http://colleges.usnews.rankingsandreviews.com/best-colleges/bowie-state-university-2062
Georgia State University,PO Box 3965,Atlanta,GA,30302-3965,RNP                                                                ,225,http://colleges.usnews.rankingsandreviews.com/best-colleges/georgia-state-1574
Northern Illinois University,PO Box 3001,DeKalb,IL,60115, 194                                  ,206,http://colleges.usnews.rankingsandreviews.com/best-colleges/niu-1737
Cardinal Stritch University,6801 N. Yates Road,Milwaukee,WI,53217,RNP                                                                ,216,http://colleges.usnews.rankingsandreviews.com/best-colleges/cardinal-stritch-university-3837
Indiana State University,200 N. Seventh Street,Terre Haute,IN,47809-9989,RNP                                                                ,226,http://colleges.usnews.rankingsandreviews.com/best-colleges/indiana-state-9563
University of Montana,32 Campus Drive,Missoula,MT,59812, 194                                  ,207,http://colleges.usnews.rankingsandreviews.com/best-colleges/university-of-montana-2536
Clark Atlanta University,223 James P. Brawley Drive SW,Atlanta,GA,30314,RNP                                                                ,217,http://colleges.usnews.rankingsandreviews.com/best-colleges/clark-atlanta-university-1551
Indiana University of Pennsylvania,1011 South Drive,Indiana,PA,15705,RNP                                                                ,227,http://colleges.usnews.rankingsandreviews.com/best-colleges/iup-3277
University of Nevada--Reno,,Reno,NV,89557, 194                                  ,208,http://colleges.usnews.rankingsandreviews.com/best-colleges/university-of-nevada-2568
Cleveland State University,2121 Euclid Avenue,Cleveland,OH,44115,RNP                                                                ,218,http://colleges.usnews.rankingsandreviews.com/best-colleges/cleveland-state-university-3032
Jackson State University,1400 J.R. Lynch Street,Jackson,MS,39217,RNP                                                                ,228,http://colleges.usnews.rankingsandreviews.com/best-colleges/jackson-state-2410
Utah State University,Old Main Hill,Logan,UT,84322, 194                                  ,209,http://colleges.usnews.rankingsandreviews.com/best-colleges/utah-state-3677
East Carolina University,East Fifth Street,Greenville,NC,27858-4353,RNP                                                                ,219,http://colleges.usnews.rankingsandreviews.com/best-colleges/east-carolina-university-2923
Lamar University,"Lamar Station, Box 10001",Beaumont,TX,77710,RNP                                                                ,229,http://colleges.usnews.rankingsandreviews.com/best-colleges/lamar-university-3581
Louisiana Tech University,700 W. California Avenue,Ruston,LA,71272, 194                                                                ,210,http://colleges.usnews.rankingsandreviews.com/best-colleges/la-tech-2008
East Tennessee State University,807 University Parkway,Johnson City,TN,37614-0000,RNP                                                                ,220,http://colleges.usnews.rankingsandreviews.com/best-colleges/east-tennessee-state-university-3487
Lynn University,3601 N. Military Trail,Boca Raton,FL,33431,RNP                                                                ,230,http://colleges.usnews.rankingsandreviews.com/best-colleges/lynn-university-1505
Middle Tennessee State University,1301 East Main Street,Murfreesboro,TN,37132,RNP                                                                ,231,http://colleges.usnews.rankingsandreviews.com/best-colleges/middle-tennessee-state-university-3510
Montana State University,,Bozeman,MT,59717,RNP                                                                ,232,http://colleges.usnews.rankingsandreviews.com/best-colleges/montana-state-2532
Our Lady of the Lake University,411 S.W. 24th Street,San Antonio,TX,78207-4689,RNP                                                                ,241,http://colleges.usnews.rankingsandreviews.com/best-colleges/lake-university-3598
Morgan State University,1700 E. Cold Spring Lane,Baltimore,MD,21251,RNP                                                                ,233,http://colleges.usnews.rankingsandreviews.com/best-colleges/morgan-state-2083
Portland State University,PO Box 751,Portland,OR,97207-0751,RNP                                                                ,242,http://colleges.usnews.rankingsandreviews.com/best-colleges/portland-state-3216
National-Louis University,122 S. Michigan Avenue,Chicago,IL,60603,RNP                                                                ,234,http://colleges.usnews.rankingsandreviews.com/best-colleges/national-louis-university-1733
Regent University,1000 Regent University Drive,Virginia Beach,VA,23464-5037,RNP                                                                ,243,http://colleges.usnews.rankingsandreviews.com/best-colleges/regent-university-30913
New Mexico State University,"Box 30001, MSC 3004",Las Cruces,NM,88003-8001,RNP                                                                ,235,http://colleges.usnews.rankingsandreviews.com/best-colleges/new-mexico-state-university-2657
Sam Houston State University,1806 Avenue J,Huntsville,TX,77341,RNP                                                                ,244,http://colleges.usnews.rankingsandreviews.com/best-colleges/sam-houston-state-3606
North Carolina A&amp;T State University,1601 E. Market Street,Greensboro,NC,27411,RNP                                                                ,236,http://colleges.usnews.rankingsandreviews.com/best-colleges/north-carolina-at-2905
South Carolina State University,300 College Street NE,Orangeburg,SC,29117,RNP                                                                ,245,http://colleges.usnews.rankingsandreviews.com/best-colleges/south-carolina-state-3446
Northern Arizona University,PO Box 4084,Flagstaff,AZ,86011-4084,RNP                                  ,237,http://colleges.usnews.rankingsandreviews.com/best-colleges/northern-arizona-university-1082
Tennessee State University,3500 John Merritt Boulevard,Nashville,TN,37209-1561,RNP                                                                ,246,http://colleges.usnews.rankingsandreviews.com/best-colleges/tennessee-state-3522
Nova Southeastern University,3301 College Avenue,Ft. Lauderdale,FL,33314,RNP                                                                ,238,http://colleges.usnews.rankingsandreviews.com/best-colleges/nova-1509
Texas A&amp;M University--Commerce,PO Box  3011,Commerce,TX,75429,RNP                                                                ,247,http://colleges.usnews.rankingsandreviews.com/best-colleges/texas-am-commerce-3565
Oakland University,,Rochester,MI,48309-4401,RNP                                                                ,239,http://colleges.usnews.rankingsandreviews.com/best-colleges/oakland-university-2307
Texas A&amp;M University--Corpus Christi,6300 Ocean Drive,Corpus Christi,TX,78412-5503,RNP                                                                ,248,http://colleges.usnews.rankingsandreviews.com/best-colleges/texas-am-corpus-christi-11161
Old Dominion University,5115 Hampton Boulevard,Norfolk,VA,23529,RNP                                                                ,240,http://colleges.usnews.rankingsandreviews.com/best-colleges/old-dominion-3728
Texas A&amp;M University--Kingsville,MSC 128,Kingsville,TX,78363,RNP                                                                ,249,http://colleges.usnews.rankingsandreviews.com/best-colleges/texas-am-kingsville-3639
Texas Southern University,3100 Cleburne,Houston,TX,77004,RNP                                                                ,250,http://colleges.usnews.rankingsandreviews.com/best-colleges/texas-southern-university-3642
Texas Woman's University,Box 425589,Denton,TX,76204-5589,RNP                                                                ,251,http://colleges.usnews.rankingsandreviews.com/best-colleges/texas-womans-university-3646
University of Missouri--St. Louis,1 University Boulevard,St. Louis,MO,63121-4400,RNP                                                                ,261,http://colleges.usnews.rankingsandreviews.com/best-colleges/umsl-2519
University of Texas--San Antonio,One UTSA Circle,San Antonio,TX,78249,RNP                                                                ,271,http://colleges.usnews.rankingsandreviews.com/best-colleges/utsa-10115
Trevecca Nazarene University,333 Murfreesboro Road,Nashville,TN,37210,RNP                                                                ,252,http://colleges.usnews.rankingsandreviews.com/best-colleges/trevecca-nazarene-university-3526
University of Nebraska--Omaha,6001 Dodge Street,Omaha,NE,68182,RNP                                                                ,262,http://colleges.usnews.rankingsandreviews.com/best-colleges/university-of-nebraska-omaha-2554
University of Toledo,2801 W. Bancroft,Toledo,OH,43606,RNP                                                                ,272,http://colleges.usnews.rankingsandreviews.com/best-colleges/university-of-toledo-3131
Trinity International University,2065 Half Day Road,Deerfield,IL,60015,RNP                                                                ,253,http://colleges.usnews.rankingsandreviews.com/best-colleges/trinity-international-1772
University of Nevada--Las Vegas,"4505 S. Maryland Parkway, Box 451021",Las Vegas,NV,89154,RNP                                                                ,263,http://colleges.usnews.rankingsandreviews.com/best-colleges/unlv-2569
University of West Florida,11000 University Parkway,Pensacola,FL,32514-5750,RNP                                                                ,273,http://colleges.usnews.rankingsandreviews.com/best-colleges/west-florida-3955
University of Akron,302 Buchtel Common,Akron,OH,44325,RNP                                  ,254,http://colleges.usnews.rankingsandreviews.com/best-colleges/university-of-akron-3123
University of New Orleans,2000 Lakeshore Drive,New Orleans,LA,70148,RNP                                                                ,264,http://colleges.usnews.rankingsandreviews.com/best-colleges/university-of-new-orleans-2015
University of Wisconsin--Milwaukee,PO Box 413,Milwaukee,WI,53201,RNP                                                                ,274,http://colleges.usnews.rankingsandreviews.com/best-colleges/uw-milwaukee-3896
University of Alaska--Fairbanks,PO Box 757500,Fairbanks,AK,99775-7500,RNP                                                                ,255,http://colleges.usnews.rankingsandreviews.com/best-colleges/alaska-fairbanks-1063
University of Northern Colorado,,Greeley,CO,80639,RNP                                                                ,265,http://colleges.usnews.rankingsandreviews.com/best-colleges/university-of-northern-colorado-1349
Wayne State University,656 W. Kirby,Detroit,MI,48202,RNP                                                                ,275,http://colleges.usnews.rankingsandreviews.com/best-colleges/wayne-state-2329
University of Arkansas--Little Rock,2801 S. University Avenue,Little Rock,AR,72204,RNP                                                                ,256,http://colleges.usnews.rankingsandreviews.com/best-colleges/ualr-1101
University of North Texas,1155 Union Circle #311425,Denton,TX,76203,RNP                                                                ,266,http://colleges.usnews.rankingsandreviews.com/best-colleges/unt-3594
Wichita State University,1845 Fairmount,Wichita,KS,67260,RNP                                                                ,276,http://colleges.usnews.rankingsandreviews.com/best-colleges/wichita-state-university-1950
University of Colorado--Denver,Campus Box 167  PO Box 173364,Denver,CO,80217-3364,RNP                                                                ,257,http://colleges.usnews.rankingsandreviews.com/best-colleges/university-of-colorado-denver-6740
University of South Alabama,307 University Boulevard,Mobile,AL,36688-0002,RNP                                                                ,267,http://colleges.usnews.rankingsandreviews.com/best-colleges/south-alabama-1057
Wright State University,3640 Colonel Glenn Highway,Dayton,OH,45435,RNP                                  ,277,http://colleges.usnews.rankingsandreviews.com/best-colleges/wright-state-9168
University of Louisiana--Lafayette,PO Drawer 41008,Lafayette,LA,70504-1008,RNP                                                                ,258,http://colleges.usnews.rankingsandreviews.com/best-colleges/louisiana-lafayette-2031
University of Southern Mississippi,118 College Drive,Hattiesburg,MS,39406-0001,RNP                                                                ,268,http://colleges.usnews.rankingsandreviews.com/best-colleges/university-of-southern-mississippi-2441
Alliant International University,10455 Pomerado Road,San Diego,CA,92131-1799,Unranked                                                                ,278,http://colleges.usnews.rankingsandreviews.com/best-colleges/alliant-international-university-1158
University of Massachusetts--Boston,100 Morrissey Boulevard,Boston,MA,02125-3393,RNP                                                                ,259,http://colleges.usnews.rankingsandreviews.com/best-colleges/umass-boston-2222
University of Texas--Arlington,701 S. Nedderman Drive,Arlington,TX,76019-0111,RNP                                                                ,269,http://colleges.usnews.rankingsandreviews.com/best-colleges/university-of-texas-arlington-3656
Argosy University,333 City Boulevard West,Orange,CA,92868,Unranked                                                                ,279,http://colleges.usnews.rankingsandreviews.com/best-colleges/argosy-university-21799
University of Memphis,,Memphis,TN,38152,RNP                                  ,260,http://colleges.usnews.rankingsandreviews.com/best-colleges/university-of-memphis-3509
University of Texas--El Paso,500 W. University Avenue,El Paso,TX,79968,RNP                                                                ,270,http://colleges.usnews.rankingsandreviews.com/best-colleges/utep-3661
California Institute of Integral Studies,1453 Mission Street,San Francisco,CA,94103,Unranked                                                                ,280,http://colleges.usnews.rankingsandreviews.com/best-colleges/california-institute-of-integral-studies-12154
